<?xml version="1.0" encoding="UTF-8"?>
<project-private xmlns="http://www.netbeans.org/ns/project-private/1">
    <editor-bookmarks xmlns="http://www.netbeans.org/ns/editor-bookmarks/2" lastBookmarkId="0"/>
    <open-files xmlns="http://www.netbeans.org/ns/projectui-open-files/2">
        <group>
            <file>file:/C:/Users/HP/OneDrive/Desktop/GitHub/NC-CAFE-MANAGEMENT-SYSTEM/JSF_JWD_CRUD/web/index.xhtml</file>
            <file>file:/C:/Users/HP/OneDrive/Desktop/GitHub/NC-CAFE-MANAGEMENT-SYSTEM/JSF_JWD_CRUD/web/update_category.xhtml</file>
            <file>file:/C:/Users/HP/OneDrive/Desktop/GitHub/NC-CAFE-MANAGEMENT-SYSTEM/JSF_JWD_CRUD/src/java/bean/ManageBean.java</file>
            <file>file:/C:/Users/HP/OneDrive/Desktop/GitHub/NC-CAFE-MANAGEMENT-SYSTEM/JSF_JWD_CRUD/web/add_category.xhtml</file>
            <file>file:/C:/Users/HP/OneDrive/Desktop/GitHub/NC-CAFE-MANAGEMENT-SYSTEM/JSF_JWD_CRUD/web/category.xhtml</file>
        </group>
    </open-files>
</project-private>
