<?xml version="1.0" encoding="UTF-8"?>
<project-private xmlns="http://www.netbeans.org/ns/project-private/1">
    <editor-bookmarks xmlns="http://www.netbeans.org/ns/editor-bookmarks/2" lastBookmarkId="0"/>
    <open-files xmlns="http://www.netbeans.org/ns/projectui-open-files/2">
        <group>
            <file>file:/D:/M.Sc.(%20I.C.T.%20)/SEM%20-%201/Github/Enterpride/JSF_EJB_CRUD/web/index.xhtml</file>
            <file>file:/D:/M.Sc.(%20I.C.T.%20)/SEM%20-%201/Github/Enterpride/JSF_EJB_CRUD/src/java/ejb/SessionBeanLocal.java</file>
            <file>file:/D:/M.Sc.(%20I.C.T.%20)/SEM%20-%201/Github/Enterpride/JSF_EJB_CRUD/src/java/ejb/SessionBean.java</file>
            <file>file:/D:/M.Sc.(%20I.C.T.%20)/SEM%20-%201/Github/Enterpride/JSF_EJB_CRUD/src/java/bean/ManagedBean.java</file>
            <file>file:/D:/M.Sc.(%20I.C.T.%20)/SEM%20-%201/Github/Enterpride/JSF_EJB_CRUD/web/add_item.xhtml</file>
        </group>
    </open-files>
</project-private>
